option_name,grid_count,beta,date,option_ask-2,option_ask-1,option_ask0,option_bid-2,option_bid-1,option_bid0,stock_ask0,stock_bid0,ivol-2,ivol-1,ivol-0,est+1,est+2,real+1,real+2
,20,0.01,,4.103027199,4.634154986,4.068111157,4.021779135,4.542389541,3.9875545,84.6496182,82.97338814,0.370084993,0.370084613,0.370084953,2.265495383,-0.342638143,4.027832828,4.551758726
,20,0.01,,4.241893294,3.720781211,4.207295768,4.157895407,3.647102376,4.12398298,84.6496182,82.97338814,0.370084389,0.370084774,0.370085115,5.75355674,8.117629067,4.165639374,4.697234105
,20,0.01,,1.022663533,1.202084573,1.408196243,1.00241277,1.178280918,1.380311169,75.24784905,73.75779263,0.370080372,0.370080997,0.370080338,1.638484525,1.881880538,1.394253706,1.17017652
,20,0.01,,0.660927,0.786398679,0.932396485,0.647839336,0.770826428,0.913933189,72.35198529,70.91927271,0.370078833,0.370079538,0.370078801,1.097795049,1.273217666,0.923164837,0.762863707
,20,0.01,,2.074327973,2.393494595,2.752886254,2.033252172,2.346098662,2.698373655,81.39193357,79.78021211,0.370082844,0.370083304,0.370082806,3.144762682,3.557128711,2.725629955,2.340913264
,20,0.01,,3.962878573,4.486046613,5.063463513,3.88440573,4.397214006,4.963196909,88.03769056,86.29436995,0.370084831,0.370085127,0.370084791,5.675990886,6.318997012,5.013330211,4.404722729
,20,0.01,,0.87907215,1.042013634,1.230673975,0.861664781,1.0213797,1.206304194,75.24784905,73.75779263,0.370080098,0.370080717,0.370080064,1.443341963,1.668577713,1.218489085,1.012160352
,20,0.01,,2.909625199,3.324051712,3.785855832,2.852008858,3.258228906,3.71088839,84.6496182,82.97338814,0.370083916,0.370084295,0.370083877,4.282497331,4.804316296,3.748372111,3.258002914
,20,0.01,,4.634154986,4.068111157,4.597276313,4.542389541,3.9875545,4.506241139,86.32703454,84.61758832,0.370084613,0.370084953,0.370085249,6.278029186,8.847908417,4.551758726,5.129177942
,20,0.01,,3.720781211,4.207295768,4.744206446,3.647102376,4.12398298,4.650261764,86.32703454,84.61758832,0.370084774,0.370085115,0.370085413,5.313368513,5.911200022,4.697234105,5.282034065
,20,0.01,,1.202084573,1.408196243,1.181878285,1.178280918,1.380311169,1.158474755,73.78571181,72.32460861,0.370080997,0.370080338,0.370079638,0.47195798,-0.558885417,1.17017652,0.97659327
,20,0.01,,0.786398679,0.932396485,0.770492344,0.770826428,0.913933189,0.75523507,70.94611744,69.54124383,0.370079538,0.370078801,0.370078023,0.264871023,-0.469756249,0.762863707,0.626540743
,20,0.01,,2.393494595,2.752886254,2.364322396,2.346098662,2.698373655,2.317504131,79.81041093,78.23000675,0.370083304,0.370082806,0.370082267,1.136464435,-0.643989919,2.340913264,2.00051353
,20,0.01,,1.042013634,1.230673975,1.022281955,1.0213797,1.206304194,1.002038748,73.78571181,72.32460861,0.370080717,0.370080064,0.370079372,0.370424275,-0.576639625,1.012160352,0.835548873
,20,0.01,,4.486046613,5.063463513,4.448769956,4.397214006,4.963196909,4.360675501,86.32703454,84.61758832,0.370085127,0.370084791,0.370084414,2.490246694,-0.343260208,4.404722729,3.853778605
,20,0.01,,3.324051712,3.785855832,3.290582944,3.258228906,3.71088839,3.225422885,83.00479565,81.36113633,0.370084295,0.370083877,0.370084255,1.718944526,-0.557515407,3.258002914,3.713072379
,20,0.01,,0.932396485,0.770492344,0.63280615,0.913933189,0.75523507,0.620275335,69.56756694,68.18999135,0.370078801,0.370078023,0.370078768,0.509216849,0.426223754,0.626540743,0.747195011
,20,0.01,,2.752886254,2.364322396,2.020518665,2.698373655,2.317504131,1.980508395,78.25961878,76.70992336,0.370082806,0.370082267,0.370081688,1.691013245,1.453990944,2.00051353,1.700901153
,20,0.01,,1.408196243,1.181878285,0.986359203,1.380311169,1.158474755,0.966827337,72.35198529,70.91927271,0.370080338,0.370079638,0.370078898,0.806170986,0.681520941,0.97659327,0.810343085
,20,0.01,,4.068111157,4.597276313,5.180469721,3.9875545,4.506241139,5.077886163,88.03769056,86.29436995,0.370084953,0.370085249,0.370084912,5.797716009,6.44564423,5.129177942,4.515147655
,20,0.01,,4.207295768,4.744206446,5.334854406,4.12398298,4.650261764,5.229213725,88.03769056,86.29436995,0.370085115,0.370085413,0.370085074,5.95808446,6.61244898,5.282034065,4.661009313
,20,0.01,,5.063463513,4.448769956,3.892316391,4.963196909,4.360675501,3.815240819,84.6496182,82.97338814,0.370084791,0.370084414,0.370083995,3.337861678,2.927497413,3.853778605,3.357228642
,20,0.01,,1.230673975,1.022281955,0.843904362,1.206304194,1.002038748,0.827193384,72.35198529,70.91927271,0.370080064,0.370079372,0.37007864,0.682136542,0.572075787,0.835548873,0.685361571
,20,0.01,,3.785855832,3.290582944,3.750203103,3.71088839,3.225422885,3.675941655,84.6496182,82.97338814,0.370083877,0.370084255,0.370083838,5.216182411,7.455142754,3.713072379,3.224803429
,20,0.01,,0.770492344,0.63280615,0.754666961,0.75523507,0.620275335,0.739723061,70.94611744,69.54124383,0.370078023,0.370078768,0.370079472,1.152347357,1.75797509,0.747195011,0.887893735
,20,0.01,,2.364322396,2.020518665,1.717910164,2.317504131,1.980508395,1.683892141,76.73895999,75.21937662,0.370082267,0.370081688,0.370081067,1.430368201,1.225208048,1.700901153,1.438604348
,20,0.01,,1.181878285,0.986359203,0.818446516,1.158474755,0.966827337,0.802239654,70.94611744,69.54124383,0.370079638,0.370078898,0.370078117,0.665140232,0.560283125,0.810343085,0.668431064
,20,0.01,,4.597276313,5.180469721,4.560299131,4.506241139,5.077886163,4.469996178,86.32703454,84.61758832,0.370085249,0.370084912,0.370085209,2.582955389,-0.276973531,4.515147655,5.09067845
,20,0.01,,1.022281955,0.843904362,0.692215186,1.002038748,0.827193384,0.678507955,70.94611744,69.54124383,0.370079372,0.37007864,0.370079339,0.556067656,0.464685737,0.685361571,0.818258861
,20,0.01,,4.448769956,3.892316391,3.390800928,4.360675501,3.815240819,3.323656355,83.00479565,81.36113633,0.370084414,0.370083995,0.370083534,2.894770732,2.529526007,3.357228642,2.911727978
,20,0.01,,4.744206446,5.334854406,4.707619406,4.650261764,5.229213725,4.61439922,86.32703454,84.61758832,0.370085413,0.370085074,0.370085372,2.705968566,-0.188057525,4.661009313,5.243989431
,20,0.01,,3.290582944,3.750203103,3.257051463,3.225422885,3.675941655,3.192555395,83.00479565,81.36113633,0.370084255,0.370083838,0.37008338,1.692583219,-0.573778882,3.224803429,2.78782967
,20,0.01,,0.63280615,0.754666961,0.896772672,0.620275335,0.739723061,0.879014797,72.35198529,70.91927271,0.370078768,0.370079472,0.370080133,1.058120723,1.22938688,0.887893735,1.051298657
,20,0.01,,0.986359203,0.818446516,0.675115374,0.966827337,0.802239654,0.661746753,69.56756694,68.18999135,0.370078898,0.370078117,0.370078865,0.545542575,0.457975962,0.668431064,0.794439638
,20,0.01,,2.020518665,1.717910164,1.452990391,1.980508395,1.683892141,1.424218304,75.24784905,73.75779263,0.370081688,0.370081067,0.370080406,1.203426035,1.026930401,1.438604348,1.210239423
,20,0.01,,0.843904362,0.692215186,0.82644145,0.827193384,0.678507955,0.810076273,72.35198529,70.91927271,0.37007864,0.370079339,0.370079997,1.264604751,1.931797925,0.818258861,0.973293405
,20,0.01,,3.892316391,3.390800928,2.940845258,3.815240819,3.323656355,2.882610698,81.39193357,79.78021211,0.370083995,0.370083534,0.370083956,2.499209278,2.175842075,2.911727978,3.324215564
,20,0.01,,5.334854406,4.707619406,5.296429325,5.229213725,4.61439922,5.191549536,88.03769056,86.29436995,0.370085074,0.370085372,0.370085034,7.162191295,10.01671342,5.243989431,4.624688912
,20,0.01,,5.180469721,4.560299131,5.141585234,5.077886163,4.469996178,5.039771665,88.03769056,86.29436995,0.370084912,0.370085209,0.370084872,6.985261514,9.805164239,5.09067845,4.4784384
,20,0.01,,3.750203103,3.257051463,2.815707966,3.675941655,3.192555395,2.759951373,81.39193357,79.78021211,0.370083838,0.37008338,0.370082881,2.384551611,2.069731217,2.78782967,2.398659255
,20,0.01,,0.754666961,0.896772672,1.061811643,0.739723061,0.879014797,1.04078567,73.78571181,72.32460861,0.370079472,0.370080133,0.370079438,1.2484304,1.446276569,1.051298657,0.870368466
,20,0.01,,0.818446516,0.675115374,0.802384034,0.802239654,0.661746753,0.786495241,70.94611744,69.54124383,0.370078117,0.370078865,0.370078086,1.217101484,1.848737324,0.794439638,0.654383168
,20,0.01,,1.717910164,1.452990391,1.222341817,1.683892141,1.424218304,1.198137028,73.78571181,72.32460861,0.370081067,0.370080406,0.370079705,1.007011777,0.856116204,1.210239423,1.012538152
,20,0.01,,0.692215186,0.82644145,0.983026339,0.678507955,0.810076273,0.96356047,73.78571181,72.32460861,0.370079339,0.370079997,0.370079306,1.16097019,1.349809653,0.973293405,0.801051673
,20,0.01,,4.707619406,5.296429325,4.670935801,4.61439922,5.191549536,4.578442023,86.32703454,84.61758832,0.370085372,0.370085034,0.370084653,2.675298515,-0.210341845,4.624688912,4.062403167
,20,0.01,,3.390800928,2.940845258,3.357457719,3.323656355,2.882610698,3.290973408,83.00479565,81.36113633,0.370083534,0.370083956,0.370083496,4.687859414,6.719335173,3.324215564,2.880817029
,20,0.01,,3.257051463,2.815707966,2.422645848,3.192555395,2.759951373,2.374672662,79.81041093,78.23000675,0.37008338,0.370082881,0.370082341,2.041706947,1.765374763,2.398659255,2.053790073
,20,0.01,,0.896772672,1.061811643,0.87907215,0.879014797,1.04078567,0.861664781,72.35198529,70.91927271,0.370080133,0.370079438,0.370080098,0.308038784,-0.521667386,0.870368466,1.031696667
,20,0.01,,4.560299131,5.141585234,4.523222784,4.469996178,5.039771665,4.433654016,86.32703454,84.61758832,0.370085209,0.370084872,0.370084493,2.552104692,-0.299113845,4.4784384,3.923642152
,20,0.01,,0.675115374,0.802384034,0.660927,0.661746753,0.786495241,0.647839336,69.56756694,68.18999135,0.370078865,0.370078086,0.370078833,0.219597684,-0.42173679,0.654383168,0.778612554
,20,0.01,,1.452990391,1.222341817,1.022663533,1.424218304,1.198137028,1.00241277,72.35198529,70.91927271,0.370080406,0.370079705,0.370080372,0.837994203,0.709821251,1.012538152,1.190182746
,20,0.01,,0.82644145,0.983026339,0.80906219,0.810076273,0.96356047,0.793041156,72.35198529,70.91927271,0.370079997,0.370079306,0.370078576,0.26630977,-0.522649051,0.801051673,0.654978811
,20,0.01,,5.296429325,4.670935801,4.103027199,5.191549536,4.578442023,4.021779135,84.6496182,82.97338814,0.370085034,0.370084653,0.370084993,3.534003014,3.11169136,4.062403167,4.588272264
,20,0.01,,1.061811643,0.87907215,1.042013634,1.04078567,0.861664781,1.0213797,73.78571181,72.32460861,0.370079438,0.370080098,0.370080717,1.57206572,2.379285244,1.031696667,1.218489085
,20,0.01,,2.940845258,3.357457719,2.909625199,2.882610698,3.290973408,2.852008858,81.39193357,79.78021211,0.370083956,0.370083496,0.370083916,1.490146914,-0.566406187,2.880817029,3.291140309
,20,0.01,,2.815707966,2.422645848,2.074327973,2.759951373,2.374672662,2.033252172,78.25961878,76.70992336,0.370082881,0.370082341,0.370082844,1.739535164,1.498369126,2.053790073,2.369796628
,20,0.01,,0.983026339,0.80906219,0.661528599,0.96356047,0.793041156,0.648429023,70.94611744,69.54124383,0.370079306,0.370078576,0.370079273,0.529667629,0.4416781,0.654978811,0.783929602
,20,0.01,,5.141585234,4.523222784,3.962878573,5.039771665,4.433654016,3.88440573,84.6496182,82.97338814,0.370084872,0.370084493,0.370084831,3.403651554,2.989225556,3.923642152,4.44163031
,20,0.01,,0.802384034,0.660927,0.786398679,0.786495241,0.647839336,0.770826428,70.94611744,69.54124383,0.370078086,0.370078833,0.370079538,1.195514125,1.818567242,0.778612554,0.923164837
,20,0.01,,1.222341817,1.022663533,1.202084573,1.198137028,1.00241277,1.178280918,73.78571181,72.32460861,0.370079705,0.370080372,0.370080997,1.783563409,2.669556422,1.190182746,1.394253706
,20,0.01,,0.80906219,0.661528599,0.791768898,0.793041156,0.648429023,0.776090306,72.35198529,70.91927271,0.370078576,0.370079273,0.370079929,1.217423969,1.865495659,0.783929602,0.934715763
,20,0.01,,4.670935801,4.103027199,4.634154986,4.578442023,4.021779135,4.542389541,86.32703454,84.61758832,0.370084653,0.370084993,0.370084613,6.320738154,8.899727818,4.588272264,4.027832828
,20,0.01,,3.357457719,2.909625199,3.324051712,3.290973408,2.852008858,3.258228906,83.00479565,81.36113633,0.370083496,0.370083916,0.370084295,4.647747404,6.668921525,3.291140309,3.748372111
,20,0.01,,1.537454839,1.807387685,1.510786436,1.507010189,1.77159783,1.480869873,78.25961878,76.70992336,0.3700821,0.370081575,0.37008101,0.581000666,-0.769726806,1.495828154,1.242269211
,20,0.01,,2.422645848,2.074327973,2.393494595,2.374672662,2.033252172,2.346098662,79.81041093,78.23000675,0.370082341,0.370082844,0.370083304,3.418159979,4.981240291,2.369796628,2.725629955
,20,0.01,,0.907921179,1.088184584,0.887034371,0.889942542,1.066636374,0.869469334,75.24784905,73.75779263,0.370080764,0.370080164,0.370079526,0.260745445,-0.649907749,0.878251853,0.710468633
,20,0.01,,4.523222784,3.962878573,4.486046613,4.433654016,3.88440573,4.397214006,86.32703454,84.61758832,0.370084493,0.370084831,0.370085127,6.149080022,8.691202958,4.44163031,5.013330211
,20,0.01,,1.430973709,1.182951585,1.404441673,1.402637596,1.159526801,1.376630947,78.25961878,76.70992336,0.370080904,0.370081431,0.370080869,2.124688348,3.221357772,1.39053631,1.14768217
,20,0.01,,1.762064745,2.081673731,2.448592182,1.727172374,2.040452469,2.400105208,84.6496182,82.97338814,0.370082541,0.370082902,0.370082504,2.858766431,3.29168047,2.424348695,2.025939218
,20,0.01,,0.661528599,0.791768898,0.94406292,0.648429023,0.776090306,0.925368605,73.78571181,72.32460861,0.370079273,0.370079929,0.37007924,1.117540685,1.30179251,0.934715763,0.766895002
,20,0.01,,1.807387685,1.510786436,1.254691903,1.77159783,1.480869873,1.229846518,76.73895999,75.21937662,0.370081575,0.37008101,0.370080405,1.019210918,0.856312633,1.242269211,1.024828145
,20,0.01,,2.332213318,2.741480943,2.293264387,2.286030876,2.687194191,2.247853211,84.6496182,82.97338814,0.370083107,0.370082751,0.370082355,0.886645997,-1.157086292,2.270558799,1.885090438
,20,0.01,,3.070663034,2.571452026,2.136722912,3.009857826,2.520532184,2.094411568,84.6496182,82.97338814,0.370082956,0.370082601,0.370082207,1.732377287,1.447754309,2.11556724,1.743784312
,20,0.01,,1.088184584,0.887034371,0.717573319,1.066636374,0.869469334,0.703363947,73.78571181,72.32460861,0.370080164,0.370079526,0.37008013,0.567987182,0.469441603,0.710468633,0.857666962
,20,0.01,,1.182951585,1.404441673,1.159158992,1.159526801,1.376630947,1.136205348,76.73895999,75.21937662,0.370081431,0.370080869,0.370080267,0.392981176,-0.720829251,1.14768217,0.940563872
,20,0.01,,0.791768898,0.94406292,0.774563952,0.776090306,0.925368605,0.759226052,72.35198529,70.91927271,0.370079929,0.37007924,0.370079895,0.246141786,-0.521971381,0.766895002,0.91554132
,20,0.01,,2.018579276,2.399451299,2.838030289,1.97860741,2.351937412,2.781831669,88.03769056,86.29436995,0.370082804,0.37008308,0.370082767,3.330398577,3.850055263,2.809930979,2.332818647
,20,0.01,,2.081673731,2.448592182,2.046198611,2.040452469,2.400105208,2.005679826,83.00479565,81.36113633,0.370082902,0.370082504,0.370082864,0.784073605,-1.049825379,2.025939218,2.386018123
,20,0.01,,1.510786436,1.254691903,1.035076426,1.480869873,1.229846518,1.014579863,75.24784905,73.75779263,0.37008101,0.370080405,0.370080974,0.835305487,0.698897015,1.024828145,1.218535452
,20,0.01,,2.741480943,2.293264387,1.903941342,2.687194191,2.247853211,1.866239533,83.00479565,81.36113633,0.370082751,0.370082355,0.370082713,1.543106523,1.290379555,1.885090438,2.231920255
,20,0.01,,1.404441673,1.159158992,0.949969511,1.376630947,1.136205348,0.931158233,75.24784905,73.75779263,0.370080869,0.370080267,0.370080834,0.761600693,0.634159133,0.940563872,1.124189699
,20,0.01,,2.571452026,2.136722912,1.761222155,2.520532184,2.094411568,1.726346469,83.00479565,81.36113633,0.370082601,0.370082207,0.370082563,1.416580766,1.177432137,1.743784312,2.076642454
,20,0.01,,0.887034371,0.717573319,0.866243632,0.869469334,0.703363947,0.849090292,75.24784905,73.75779263,0.370079526,0.37008013,0.370080694,1.35358303,2.095322283,0.857666962,1.03092676
,20,0.01,,0.94406292,0.774563952,0.924696733,0.925368605,0.759226052,0.906385906,73.78571181,72.32460861,0.37007924,0.370079895,0.370080508,1.414640887,2.160613273,0.91554132,1.088810324
,20,0.01,,2.399451299,2.838030289,2.356146833,2.351937412,2.781831669,2.30949046,86.32703454,84.61758832,0.37008308,0.370082767,0.370083042,0.846443188,-1.348103874,2.332818647,2.763328107
,20,0.01,,1.254691903,1.035076426,1.230720806,1.229846518,1.014579863,1.206350097,76.73895999,75.21937662,0.370080405,0.370080974,0.37008037,1.867574242,2.837098693,1.218535452,1.003644514
,20,0.01,,2.448592182,2.046198611,2.409878304,2.400105208,2.005679826,2.362157941,84.6496182,82.97338814,0.370082504,0.370082864,0.370082467,3.586303748,5.377786262,2.386018123,1.990778004
,20,0.01,,2.293264387,1.903941342,2.254239457,2.247853211,1.866239533,2.209601052,84.6496182,82.97338814,0.370082355,0.370082713,0.370083031,3.389880143,5.118711895,2.231920255,2.630410174
,20,0.01,,2.136722912,1.761222155,2.097408878,2.094411568,1.726346469,2.055876029,84.6496182,82.97338814,0.370082207,0.370082563,0.37008288,3.18988465,4.85238469,2.076642454,2.461085578
,20,0.01,,1.159158992,0.949969511,1.135431596,1.136205348,0.931158233,1.112947802,76.73895999,75.21937662,0.370080267,0.370080834,0.370080233,1.740511052,2.661626869,1.124189699,0.919703619
,20,0.01,,0.717573319,0.866243632,1.041236028,0.703363947,0.849090292,1.020617493,76.73895999,75.21937662,0.37008013,0.370080694,0.370081217,1.242066153,1.455649662,1.03092676,1.233857317
,20,0.01,,0.774563952,0.924696733,1.099698428,0.759226052,0.906385906,1.077922221,75.24784905,73.75779263,0.370079895,0.370080508,0.37008108,1.298417818,1.509246633,1.088810324,1.289894993
,20,0.01,,1.035076426,1.230720806,1.013680959,1.014579863,1.206350097,0.993608069,75.24784905,73.75779263,0.370080974,0.37008037,0.370080939,0.336173978,-0.648622556,1.003644514,1.194857882
,20,0.01,,2.838030289,2.356146833,2.790961388,2.781831669,2.30949046,2.735694826,88.03769056,86.29436995,0.370082767,0.370083042,0.370083278,4.199218455,6.342631269,2.763328107,3.256820554
,20,0.01,,2.046198611,2.409878304,2.010685784,2.005679826,2.362157941,1.970870224,83.00479565,81.36113633,0.370082864,0.370082467,0.370082826,0.759113011,-1.059548771,1.990778004,2.347608914
,20,0.01,,1.761222155,2.097408878,2.485696434,1.726346469,2.055876029,2.436474722,86.32703454,84.61758832,0.370082563,0.37008288,0.370083156,2.92293825,3.384906162,2.461085578,2.9025967
,20,0.01,,1.903941342,2.254239457,2.656714276,1.866239533,2.209601052,2.604106073,86.32703454,84.61758832,0.370082713,0.370083031,0.370082676,3.107260707,3.582673456,2.630410174,2.193207811
,20,0.01,,0.949969511,1.135431596,0.928900656,0.931158233,1.112947802,0.910506583,75.24784905,73.75779263,0.370080834,0.370080233,0.370079592,0.285277481,-0.650429451,0.919703619,0.746871137
,20,0.01,,0.866243632,1.041236028,1.24619589,0.849090292,1.020617493,1.221518744,78.25961878,76.70992336,0.370080694,0.370081217,0.370081699,1.480215079,1.728717908,1.233857317,1.470361185
,20,0.01,,0.924696733,1.099698428,1.302793942,0.906385906,1.077922221,1.276996043,76.73895999,75.21937662,0.370080508,0.37008108,0.370081611,1.532366195,1.775599339,1.289894993,1.522232514
,20,0.01,,1.230720806,1.013680959,1.206806461,1.206350097,0.993608069,1.182909303,76.73895999,75.21937662,0.37008037,0.370080939,0.370081467,1.835808543,2.793513629,1.194857882,1.416805653
,20,0.01,,2.409878304,2.010685784,2.371085003,2.362157941,1.970870224,2.324132825,84.6496182,82.97338814,0.370082467,0.370082826,0.370083146,3.537557007,5.313717987,2.347608914,2.756116929
,20,0.01,,2.356146833,2.790961388,3.289388759,2.30949046,2.735694826,3.224252348,89.78224492,88.00437869,0.370083042,0.370083278,0.370083474,3.846268819,4.433117663,3.256820554,3.819161958
,20,0.01,,1.135431596,0.928900656,0.754339848,1.112947802,0.910506583,0.739402425,73.78571181,72.32460861,0.370080233,0.370079592,0.370080199,0.599384572,0.496607787,0.746871137,0.898931861
,20,0.01,,2.097408878,2.485696434,2.931622667,2.055876029,2.436474722,2.873570733,88.03769056,86.29436995,0.37008288,0.370083156,0.370082842,3.430701392,3.957108675,2.9025967,2.418450252
,20,0.01,,2.254239457,2.656714276,2.215139889,2.209601052,2.604106073,2.171275733,84.6496182,82.97338814,0.370083031,0.370082676,0.370082993,0.830608857,-1.181592161,2.193207811,2.588262368
,20,0.01,,1.099698428,1.302793942,1.537454839,1.077922221,1.276996043,1.507010189,78.25961878,76.70992336,0.37008108,0.370081611,0.3700821,1.801600395,2.080927416,1.522232514,1.789492758
,20,0.01,,1.041236028,1.24619589,1.485064797,1.020617493,1.221518744,1.455657573,79.81041093,78.23000675,0.370081217,0.370081699,0.37008214,1.756363786,2.044043817,1.470361185,1.74461856
,20,0.01,,1.013680959,1.206806461,1.430973709,0.993608069,1.182909303,1.402637596,78.25961878,76.70992336,0.370080939,0.370081467,0.370080904,1.684427262,1.952943724,1.416805653,1.171239193
,20,0.01,,0.928900656,0.754339848,0.907921179,0.910506583,0.739402425,0.889942542,75.24784905,73.75779263,0.370079592,0.370080199,0.370080764,1.410793037,2.176104871,0.898931861,1.077410479
,20,0.01,,2.010685784,2.371085003,2.783678098,1.970870224,2.324132825,2.728555759,86.32703454,84.61758832,0.370082826,0.370083146,0.370082789,3.2435239,3.728420338,2.756116929,2.309122097
,20,0.01,,2.790961388,3.289388759,3.857353578,2.735694826,3.224252348,3.780970339,91.56136937,89.74827295,0.370083278,0.370083474,0.37008324,4.487670807,5.150782703,3.819161958,3.206349534
,20,0.01,,1.302793942,1.537454839,1.807387685,1.276996043,1.507010189,1.77159783,79.81041093,78.23000675,0.370081611,0.3700821,0.370081575,2.109626207,2.428824999,1.789492758,1.495828154
,20,0.01,,2.485696434,2.931622667,2.442634754,2.436474722,2.873570733,2.394265749,86.32703454,84.61758832,0.370083156,0.370082842,0.370082489,0.909245028,-1.319342753,2.418450252,1.998593343
,20,0.01,,1.206806461,1.430973709,1.182951585,1.182909303,1.402637596,1.159526801,76.73895999,75.21937662,0.370081467,0.370080904,0.370081431,0.407879778,-0.718667236,1.171239193,1.39053631
,20,0.01,,1.24619589,1.485064797,1.762064745,1.221518744,1.455657573,1.727172374,81.39193357,79.78021211,0.370081699,0.37008214,0.370082541,2.075100021,2.406488163,1.74461856,2.0610631
,20,0.01,,2.656714276,2.215139889,2.614144992,2.604106073,2.171275733,2.562379745,86.32703454,84.61758832,0.370082676,0.370082993,0.370083271,3.905273094,5.87098652,2.588262368,3.04026043
,20,0.01,,0.754339848,0.907921179,1.088184584,0.739402425,0.889942542,1.066636374,76.73895999,75.21937662,0.370080199,0.370080764,0.370080164,1.294380882,1.513556158,1.077410479,0.878251853
,20,0.01,,3.289388759,3.857353578,3.238413029,3.224252348,3.780970339,3.174286039,89.78224492,88.00437869,0.370083474,0.37008324,0.370083436,1.292358546,-1.53512965,3.206349534,3.765190553
,20,0.01,,2.371085003,2.783678098,2.332213318,2.324132825,2.728555759,2.286030876,84.6496182,82.97338814,0.370083146,0.370082789,0.370083107,0.914797745,-1.144381998,2.309122097,2.714337567
,20,0.01,,2.931622667,2.442634754,2.018579276,2.873570733,2.394265749,1.97860741,84.6496182,82.97338814,0.370082842,0.370082489,0.370082804,1.62692534,1.353141676,1.998593343,2.375694356
,20,0.01,,3.802842458,3.187186535,3.748014097,3.727538647,3.12407393,3.673795996,91.56136937,89.74827295,0.370083202,0.370083397,0.370083554,5.556719074,8.310172063,3.710905047,4.341392903
,20,0.01,,8.901741759,7.736914844,6.67559912,8.725469645,7.58370861,6.543409038,99.03747399,97.07633589,0.37008375,0.370083711,0.370083711,5.617181245,4.820200864,6.609504079,7.592973192
,20,0.01,,1.485064797,1.762064745,2.081673731,1.455657573,1.727172374,2.040452469,83.00479565,81.36113633,0.37008214,0.370082541,0.370082902,2.44093311,2.820665585,2.0610631,2.424348695
,20,0.01,,11.20915829,9.827907444,8.555199448,10.98719476,9.633295415,8.385789558,103.0014154,100.9617834,0.370083517,0.370083556,0.370083478,7.26408707,6.278794546,8.470494503,9.660868366
,20,0.01,,2.215139889,2.614144992,3.070663034,2.171275733,2.562379745,3.009857826,88.03769056,86.29436995,0.370082993,0.370083271,0.370082956,3.579289984,4.115350245,3.04026043,2.545992105
,20,0.01,,3.857353578,3.238413029,3.802842458,3.780970339,3.174286039,3.727538647,91.56136937,89.74827295,0.37008324,0.370083436,0.370083202,5.622165497,8.392019979,3.765190553,3.155630233
,20,0.01,,2.783678098,2.332213318,2.741480943,2.728555759,2.286030876,2.687194191,86.32703454,84.61758832,0.370082789,0.370083107,0.370082751,4.063670889,6.077144879,2.714337567,2.270558799
,20,0.01,,2.442634754,2.018579276,2.399451299,2.394265749,1.97860741,2.351937412,86.32703454,84.61758832,0.370082489,0.370082804,0.37008308,3.635533195,5.516726958,2.375694356,2.809930979
,20,0.01,,3.187186535,3.748014097,4.384806832,3.12407393,3.673795996,4.297978974,93.37574893,91.5267242,0.370083397,0.370083554,0.370083671,5.088845417,5.828519581,4.341392903,5.052923163
,20,0.01,,7.736914844,6.67559912,7.668902924,7.58370861,6.543409038,7.51704346,101,99,0.370083711,0.370083711,0.370083672,10.8316304,15.65327598,7.592973192,8.678128045
,20,0.01,,13.96897362,12.35901908,10.85851754,13.69236028,12.11428603,10.64349739,107.1240123,105.0027447,0.370083132,0.370083247,0.370083094,9.309325798,8.112656453,10.75100747,12.16790855
,20,0.01,,9.827907444,8.555199448,9.75747705,9.633295415,8.385789558,9.564259682,105.0424909,102.9624415,0.370083556,0.370083478,0.370083362,13.56836942,19.38191158,9.660868366,10.9610474
,20,0.01,,2.614144992,3.070663034,2.571452026,2.562379745,3.009857826,2.520532184,86.32703454,84.61758832,0.370083271,0.370082956,0.370082601,1.00391112,-1.273665888,2.545992105,2.11556724
,20,0.01,,13.7010917,15.36916917,13.63295143,13.42978295,15.06482919,13.362992,111.4116146,109.2054441,0.370082596,0.370082788,0.370082942,8.051239235,-0.02241343,13.49797172,11.88731487
,20,0.01,,3.238413029,3.802842458,3.187186535,3.174286039,3.727538647,3.12407393,89.78224492,88.00437869,0.370083436,0.370083202,0.370083397,1.252358662,-1.559252035,3.155630233,3.710905047
,20,0.01,,5.599254819,4.665970915,3.843843759,5.488378486,4.573575451,3.767728041,95.22608223,93.34041724,0.370083057,0.370082943,0.370082791,3.069598324,2.510903339,3.8057859,3.097170953
,20,0.01,,3.748014097,4.384806832,5.103452394,3.673795996,4.297978974,5.002393931,95.22608223,93.34041724,0.370083554,0.370083671,0.370083749,5.892392873,6.719835596,5.052923163,5.851042486
,20,0.01,,6.67559912,7.668902924,8.764909325,6.543409038,7.51704346,8.591346764,103.0014154,100.9617834,0.370083711,0.370083672,0.370083594,9.935308207,11.1553463,8.678128045,9.868286854
,20,0.01,,8.555199448,9.75747705,11.07065787,8.385789558,9.564259682,10.85143693,107.1240123,105.0027447,0.370083478,0.370083362,0.370083208,12.45460504,13.89340013,10.9610474,12.37254446
,20,0.01,,4.949207237,4.034644941,4.863062634,4.851203134,3.954750982,4.766764364,99.03747399,97.07633589,0.370082754,0.370082792,0.370082792,7.546685456,11.62356451,4.814913499,5.755257826
,20,0.01,,5.282358956,4.357892591,5.200693643,5.177757788,4.271597688,5.09770961,99.03747399,97.07633589,0.370082905,0.370082943,0.370082943,7.922088711,12.05858941,5.149201627,6.09863241
,20,0.01,,12.35901908,10.85851754,12.28958763,12.11428603,10.64349739,12.04622946,109.2467811,107.0834785,0.370083247,0.370083094,0.370083209,16.80396948,23.69657901,12.16790855,10.67977424
,20,0.01,,15.36916917,13.63295143,12.00618801,15.06482919,13.362992,11.76844172,109.2467811,107.0834785,0.370082788,0.370082942,0.370083057,10.31463059,8.999837179,11.88731487,10.38828895
,20,0.01,,4.665970915,3.843843759,3.128142662,4.573575451,3.767728041,3.066199243,93.37574893,91.5267242,0.370082943,0.370082791,0.370082905,2.466486192,1.998420233,3.097170953,3.733980271
,20,0.01,,4.384806832,5.103452394,5.90955291,4.297978974,5.002393931,5.792532061,97.11308173,95.1900504,0.370083671,0.370083749,0.370083788,6.788138889,7.708037722,5.851042486,6.74089172
,20,0.01,,7.668902924,8.764909325,9.966969723,7.51704346,8.591346764,9.769603986,105.0424909,102.9624415,0.370083672,0.370083594,0.370083478,11.24020557,12.56581799,9.868286854,11.16591429
,20,0.01,,9.75747705,11.07065787,12.4962699,9.564259682,10.85143693,12.24881901,109.2467811,107.0834785,0.370083362,0.370083208,0.370083324,13.98571373,15.53259551,12.37254446,10.89162834
,20,0.01,,4.034644941,4.863062634,5.812810404,3.954750982,4.766764364,5.697705247,101,99,0.370082792,0.370082792,0.370082754,6.878290939,7.996765863,5.755257826,6.822330694
,20,0.01,,10.85851754,12.28958763,10.78657198,10.64349739,12.04622946,10.5729765,107.1240123,105.0027447,0.370083094,0.370083209,0.370083286,5.977954735,-0.986704747,10.67977424,9.302632245
,20,0.01,,4.357892591,5.200693643,6.159618734,4.271597688,5.09770961,6.037646086,101,99,0.370082943,0.370082943,0.370082905,7.225890688,8.343099976,6.09863241,7.168968609
,20,0.01,,13.63295143,12.00618801,10.49217184,13.362992,11.76844172,10.28440606,107.1240123,105.0027447,0.370082942,0.370083057,0.370083133,8.935838228,7.732754627,10.38828895,9.003405586
,20,0.01,,3.843843759,3.128142662,3.771320073,3.767728041,3.066199243,3.696640468,95.22608223,93.34041724,0.370082791,0.370082905,0.370082981,5.860933263,9.03676072,3.733980271,4.46900314
,20,0.01,,5.103452394,5.90955291,6.808300637,5.002393931,5.792532061,6.673482803,99.03747399,97.07633589,0.370083749,0.370083788,0.370083788,7.780608987,8.797021086,6.74089172,7.727086304
,20,0.01,,11.07065787,12.4962699,11.00054462,10.85143693,12.24881901,10.78271205,107.1240123,105.0027447,0.370083208,0.370083324,0.37008317,6.211154337,-0.722522359,10.89162834,12.30486051
,20,0.01,,8.764909325,9.966969723,11.27757343,8.591346764,9.769603986,11.05425514,107.1240123,105.0027447,0.370083594,0.370083478,0.370083323,12.65439801,14.08631943,11.16591429,12.57256675
,20,0.01,,4.863062634,5.812810404,6.890554001,4.766764364,5.697705247,6.754107387,103.0014154,100.9617834,0.370082792,0.370082754,0.370082754,8.086560983,9.337429101,6.822330694,5.66627909
,20,0.01,,5.200693643,6.159618734,7.240658295,5.09770961,6.037646086,7.097278923,103.0014154,100.9617834,0.370082943,0.370082905,0.370082905,8.430552525,9.673400162,7.168968609,6.014563373
,20,0.01,,12.00618801,10.49217184,9.093439642,11.76844172,10.28440606,8.91337153,105.0424909,102.9624415,0.370083057,0.370083133,0.370083171,7.673113496,6.582708734,9.003405586,7.734244846
,20,0.01,,3.128142662,3.771320073,4.513693171,3.066199243,3.696640468,4.424313108,97.11308173,95.1900504,0.370082905,0.370082981,0.370082867,5.351511472,6.234043363,4.46900314,3.661427788
,20,0.01,,12.28958763,10.78657198,9.395658567,12.04622946,10.5729765,9.209605922,105.0424909,102.9624415,0.370083209,0.370083286,0.370083171,7.977287852,6.888196764,9.302632245,10.60790371
,20,0.01,,5.90955291,6.808300637,7.804357167,5.792532061,6.673482803,7.64981544,101,99,0.370083788,0.370083788,0.37008375,8.873771316,9.990075854,7.727086304,8.813605702
,20,0.01,,12.4962699,11.00054462,12.42790911,12.24881901,10.78271205,12.1818119,109.2467811,107.0834785,0.370083324,0.37008317,0.370082977,16.92800266,23.80103444,12.30486051,13.83066695
,20,0.01,,9.966969723,11.27757343,12.69829242,9.769603986,11.05425514,12.44684108,109.2467811,107.0834785,0.370083478,0.370083323,0.370083439,14.17825415,15.71616112,12.57256675,11.09817653
,20,0.01,,5.812810404,6.890554001,5.722941881,5.697705247,6.754107387,5.609616299,101,99,0.370082754,0.370082754,0.370082717,2.048645508,-3.297309476,5.66627909,4.640583908
,20,0.01,,10.49217184,9.093439642,7.811587294,10.28440606,8.91337153,7.656902398,103.0014154,100.9617834,0.370083133,0.370083171,0.370083171,6.526847205,5.548839825,7.734244846,6.581293547
,20,0.01,,6.159618734,7.240658295,6.074709006,6.037646086,7.097278923,5.954417739,101,99,0.370082905,0.370082905,0.370082867,2.397123008,-2.950478417,6.014563373,4.984318718
,20,0.01,,3.771320073,4.513693171,3.698042066,3.696640468,4.424313108,3.62481351,95.22608223,93.34041724,0.370082981,0.370082867,0.370082943,1.145401844,-2.569309367,3.661427788,4.392325565
,20,0.01,,10.78657198,9.395658567,10.71398275,10.5729765,9.209605922,10.50182468,107.1240123,105.0027447,0.370083286,0.370083171,0.370083018,14.88761984,21.25350174,10.60790371,12.02876189
,20,0.01,,6.808300637,7.804357167,8.901741759,6.673482803,7.64981544,8.725469645,103.0014154,100.9617834,0.370083788,0.37008375,0.37008375,10.07088373,11.28965113,8.813605702,7.660311727
,20,0.01,,11.00054462,12.42790911,13.96897362,10.78271205,12.1818119,13.69236028,111.4116146,109.2054441,0.37008317,0.370082977,0.370083132,15.56638512,17.22372437,13.83066695,12.23665256
,20,0.01,,11.27757343,12.69829242,11.20915829,11.05425514,12.44684108,10.98719476,107.1240123,105.0027447,0.370083323,0.370083439,0.370083517,6.43701128,-0.468786928,11.09817653,9.730601429
,20,0.01,,6.890554001,5.722941881,4.686989747,6.754107387,5.609616299,4.594178069,99.03747399,97.07633589,0.370082754,0.370082717,0.370082642,3.70378237,2.983883268,4.640583908,3.743322719
,20,0.01,,4.513693171,3.698042066,4.436248821,4.424313108,3.62481351,4.348402309,97.11308173,95.1900504,0.370082867,0.370082943,0.370082981,6.827348401,10.46168788,4.392325565,5.230058372
,20,0.01,,7.240658295,6.074709006,5.034161905,7.097278923,5.954417739,4.93447553,99.03747399,97.07633589,0.370082905,0.370082867,0.370082792,4.036164821,3.30008606,4.984318718,4.076243881
,20,0.01,,9.093439642,7.811587294,6.647106482,8.91337153,7.656902398,6.515480611,101,99,0.370083171,0.370083171,0.370083133,5.496171654,4.628916478,6.581293547,5.543816653
,20,0.01,,9.395658567,10.71398275,12.14904951,9.209605922,10.50182468,11.90847428,109.2467811,107.0834785,0.370083171,0.370083018,0.370082826,13.65623212,15.22012318,12.02876189,13.56543733
,20,0.01,,7.804357167,8.901741759,7.736914844,7.64981544,8.725469645,7.58370861,101,99,0.37008375,0.37008375,0.370083711,4.028615855,-1.346802844,7.660311727,6.609504079
,20,0.01,,12.42790911,13.96897362,12.35901908,12.1818119,13.69236028,12.11428603,109.2467811,107.0834785,0.370082977,0.370083132,0.370083247,7.191920053,-0.283714404,12.23665256,10.75100747
,20,0.01,,12.69829242,11.20915829,9.827907444,12.44684108,10.98719476,9.633295415,105.0424909,102.9624415,0.370083439,0.370083517,0.370083556,8.410985393,7.322907968,9.730601429,8.470494503
,20,0.01,,5.722941881,4.686989747,3.780755946,5.609616299,4.594178069,3.705889491,97.11308173,95.1900504,0.370082717,0.370082642,0.370082529,2.939179759,2.336943394,3.743322719,2.970449494
,20,0.01,,3.698042066,4.436248821,5.282358956,3.62481351,4.348402309,5.177757788,99.03747399,97.07633589,0.370082943,0.370082981,0.370082905,6.230442647,7.226523934,5.230058372,4.31474514
,20,0.01,,10.71398275,12.14904951,13.7010917,10.50182468,11.90847428,13.42978295,111.4116146,109.2054441,0.370083018,0.370082826,0.370082596,15.31593041,16.98972102,13.56543733,15.21699918
,20,0.01,,6.074709006,5.034161905,4.117006319,5.954417739,4.93447553,4.035481442,97.11308173,95.1900504,0.370082867,0.370082792,0.37008283,3.254131467,2.629700154,4.076243881,4.900205185
,20,0.01,,3.000153989,3.693692469,2.917762646,2.940744999,3.620550044,2.859985168,95.22608223,93.34041724,0.370082604,0.370082492,0.370082342,0.508650193,-3.001047105,2.888873907,2.240357439
,20,0.01,,7.811587294,6.647106482,5.599254819,7.656902398,6.515480611,5.488378486,99.03747399,97.07633589,0.370083171,0.370083133,0.370083057,4.578958452,3.819423821,5.543816653,4.619773183
,20,0.01,,0.455931389,0.305954828,0.199078651,0.446903044,0.299896316,0.195136499,81.39193357,79.78021211,0.370080662,0.370080253,0.370079807,0.131854964,0.113496394,0.197107575,0.124077191
,20,0.01,,0.322282807,0.450658054,0.290930854,0.31590097,0.441734132,0.285169847,84.6496182,82.97338814,0.370081191,0.370080858,0.370080488,-0.186673513,-0.881790402,0.28805035,0.17889091
,20,0.01,,4.436248821,5.282358956,4.357892591,4.348402309,5.177757788,4.271597688,97.11308173,95.1900504,0.370082981,0.370082905,0.370082943,1.458089498,-2.760981473,4.31474514,5.149201627
,20,0.01,,4.686989747,3.780755946,3.000153989,4.594178069,3.705889491,2.940744999,95.22608223,93.34041724,0.370082642,0.370082529,0.370082604,2.292537717,1.800121608,2.970449494,3.657121257
,20,0.01,,0.305954828,0.199078651,0.125317963,0.299896316,0.195136499,0.122836419,79.81041093,78.23000675,0.370080253,0.370079807,0.370080218,0.082642087,0.076355756,0.124077191,0.177206185
,20,0.01,,3.693692469,2.917762646,2.262761013,3.620550044,2.859985168,2.217953865,93.37574893,91.5267242,0.370082492,0.370082342,0.370082155,1.68800597,1.30420186,2.240357439,1.703218222
,20,0.01,,5.034161905,4.117006319,4.949207237,4.93447553,4.035481442,4.851203134,99.03747399,97.07633589,0.370082792,0.37008283,0.370082754,7.642749617,11.73540268,4.900205185,3.994697962
,20,0.01,,0.450658054,0.290930854,0.180679819,0.441734132,0.285169847,0.177102001,83.00479565,81.36113633,0.370080858,0.370080488,0.370080081,0.116948466,0.107506219,0.17889091,0.106513789
,20,0.01,,6.647106482,5.599254819,4.665970915,6.515480611,5.488378486,4.573575451,97.11308173,95.1900504,0.370083133,0.370083057,0.370082943,3.771703116,3.115463203,4.619773183,3.8057859
,20,0.01,,12.14904951,13.7010917,15.36916917,11.90847428,13.42978295,15.06482919,113.6193465,111.3694585,0.370082826,0.370082596,0.370082788,17.08832401,18.86889481,15.21699918,13.49797172
,20,0.01,,0.077994049,0.041883377,0.064906633,0.076449613,0.041054003,0.063621353,81.39193357,79.78021211,0.37007957,0.370079978,0.370080349,0.151584862,0.285127457,0.064263993,0.098587779
,20,0.01,,0.199078651,0.125317963,0.178978247,0.195136499,0.122836419,0.175434123,81.39193357,79.78021211,0.370079807,0.370080218,0.370080592,0.369592871,0.661135357,0.177206185,0.250659716
,20,0.01,,3.780755946,3.000153989,3.693692469,3.705889491,2.940744999,3.620550044,97.11308173,95.1900504,0.370082529,0.370082604,0.370082492,5.959899006,9.401354493,3.657121257,2.888873907
,20,0.01,,2.917762646,2.262761013,1.720250404,2.859985168,2.217953865,1.68618604,91.56136937,89.74827295,0.370082342,0.370082155,0.37008193,1.258830252,0.964300882,1.703218222,1.267397555
,20,0.01,,0.008928905,0.014962553,0.024866672,0.008752095,0.014666264,0.024374263,81.39193357,79.78021211,0.370079436,0.370079842,0.370079403,0.039079254,0.055656093,0.024620468,0.010522167
,20,0.01,,4.117006319,4.949207237,4.034644941,4.035481442,4.851203134,3.954750982,97.11308173,95.1900504,0.37008283,0.370082754,0.370082792,1.1736949,-2.991008837,3.994697962,4.814913499
,20,0.01,,0.290930854,0.180679819,0.107578927,0.285169847,0.177102001,0.105448651,81.39193357,79.78021211,0.370080488,0.370080081,0.370079638,0.070058973,0.072013462,0.106513789,0.060576979
,20,0.01,,1.08E-08,3.96E-12,6.26E-18,1.05E-08,3.89E-12,6.13E-18,78.25961878,76.70992336,0.370079038,0.370078568,0.370078064,0,0,6.20E-18,1.24E-29
,20,0.01,,0.008114069,0.014352395,0.0252062,0.007953394,0.01406819,0.024707068,84.6496182,82.97338814,0.370080108,0.370080438,0.370080073,0.041142187,0.059979002,0.024956634,0.008776877
,20,0.01,,0.041883377,0.064906633,0.099573656,0.041054003,0.063621353,0.097601901,83.00479565,81.36113633,0.370079978,0.370080349,0.370079944,0.147183821,0.201652357,0.098587779,0.052491748
,20,0.01,,0.000467627,0.000915354,0.000128991,0.000458368,0.000897228,0.000126436,81.39193357,79.78021211,0.370079971,0.370079572,0.370079137,-0.001955075,-0.004918914,0.000127714,1.13E-05
,20,0.01,,0.014962553,0.024866672,0.010627389,0.014666264,0.024374263,0.010416946,79.81041093,78.23000675,0.370079842,0.370079403,0.370079808,-0.030127459,-0.08909615,0.010522167,0.017862415
,20,0.01,,0.000915354,0.000128991,1.14E-05,0.000897228,0.000126436,1.12E-05,79.81041093,78.23000675,0.370079572,0.370079137,0.370079538,0.000566714,0.001635082,1.13E-05,2.09E-05
,20,0.01,,0.180679819,0.107578927,0.061182749,0.177102001,0.105448651,0.059971209,79.81041093,78.23000675,0.370080081,0.370079638,0.370080047,0.040796562,0.047958696,0.060576979,0.09132111
,20,0.01,,2.262761013,1.720250404,1.28007153,2.217953865,1.68618604,1.254723579,89.78224492,88.00437869,0.370082155,0.37008193,0.370081669,0.918584278,0.700549656,1.267397555,0.921569605
,20,0.01,,0.125317963,0.178978247,0.253166313,0.122836419,0.175434123,0.248153119,83.00479565,81.36113633,0.370080218,0.370080592,0.370080928,0.350042252,0.458304254,0.250659716,0.351026953
,20,0.01,,0.014352395,0.0252062,0.008864645,0.01406819,0.024707068,0.008689108,83.00479565,81.36113633,0.370080438,0.370080073,0.370080403,-0.037317963,-0.104014078,0.008776877,0.015869611
,20,0.01,,0.000128991,1.14E-05,2.11E-05,0.000126436,1.12E-05,2.07E-05,81.39193357,79.78021211,0.370079137,0.370079538,0.370079903,0.000127086,0.000313073,2.09E-05,3.83E-05
,20,0.01,,1.14E-05,2.11E-05,3.87E-05,1.12E-05,2.07E-05,3.79E-05,83.00479565,81.36113633,0.370079538,0.370079903,0.37008023,1.60E-05,2.32E-05,3.83E-05,6.92E-05
,20,0.01,,0.064906633,0.099573656,0.053016665,0.063621353,0.097601901,0.05196683,81.39193357,79.78021211,0.370080349,0.370079944,0.370080314,-0.082917093,-0.280164852,0.052491748,0.081790563
,20,0.01,,2.11E-05,3.87E-05,6.99E-05,2.07E-05,3.79E-05,6.85E-05,84.6496182,82.97338814,0.370079903,0.37008023,0.370079869,3.14E-05,4.60E-05,6.92E-05,1.88E-06
,20,0.01,,3.87E-05,6.99E-05,1.90E-06,3.79E-05,6.85E-05,1.86E-06,83.00479565,81.36113633,0.37008023,0.370079869,0.370079471,-8.56E-05,-0.000218069,1.88E-06,1.07E-08
,20,0.01,,6.99E-05,1.90E-06,1.08E-08,6.85E-05,1.86E-06,1.05E-08,81.39193357,79.78021211,0.370079869,0.370079471,0.370079038,3.38E-05,9.97E-05,1.07E-08,3.93E-12
,20,0.01,,1.90E-06,1.08E-08,3.96E-12,1.86E-06,1.05E-08,3.89E-12,79.81041093,78.23000675,0.370079471,0.370079038,0.370078568,0,0,3.93E-12,6.20E-18
,20,0.01,,0.024866672,0.010627389,0.018041039,0.024374263,0.010416946,0.01768379,81.39193357,79.78021211,0.370079403,0.370079808,0.370080176,0.048752538,0.096671034,0.017862415,0.030069035
,20,0.01,,0.0252062,0.008864645,0.016028307,0.024707068,0.008689108,0.015710915,84.6496182,82.97338814,0.370080073,0.370080403,0.370080039,0.048469079,0.099622007,0.015869611,0.004881717
,20,0.01,,0.107578927,0.061182749,0.092234321,0.105448651,0.059971209,0.090407899,81.39193357,79.78021211,0.370079638,0.370080047,0.370079604,0.206592208,0.382309382,0.09132111,0.0505486
,20,0.01,,1.720250404,1.28007153,0.930785301,1.68618604,1.254723579,0.912353909,88.03769056,86.29436995,0.37008193,0.370081669,0.37008137,0.65522949,0.50052162,0.921569605,0.653662798
,20,0.01,,0.178978247,0.253166313,0.354537222,0.175434123,0.248153119,0.347516683,84.6496182,82.97338814,0.370080592,0.370080928,0.370081227,0.485980775,0.6323198,0.351026953,0.486492505
,20,0.01,,0.099573656,0.053016665,0.082608469,0.097601901,0.05196683,0.080972657,83.00479565,81.36113633,0.370079944,0.370080314,0.37007991,0.1941358,0.366005229,0.081790563,0.041943133
,20,0.01,,0.010627389,0.018041039,0.030369725,0.010416946,0.01768379,0.029768345,83.00479565,81.36113633,0.370079808,0.370080176,0.370079774,0.04817102,0.0689927,0.030069035,0.012350379
,20,0.01,,0.008864645,0.016028307,0.004930534,0.008689108,0.015710915,0.0048329,83.00479565,81.36113633,0.370080403,0.370080039,0.370079639,-0.026235483,-0.071232364,0.004881717,0.001220835
,20,0.01,,0.061182749,0.092234321,0.051054086,0.059971209,0.090407899,0.050043114,79.81041093,78.23000675,0.370080047,0.370079604,0.370080012,-0.06966745,-0.244934332,0.0505486,0.077221831
,20,0.01,,1.28007153,0.930785301,0.660199426,1.254723579,0.912353909,0.64712617,86.32703454,84.61758832,0.370081669,0.37008137,0.370081035,0.456080089,0.351969048,0.653662798,0.451417217
,20,0.01,,0.053016665,0.082608469,0.042362564,0.05196683,0.080972657,0.041523702,81.39193357,79.78021211,0.370080314,0.37007991,0.37007947,-0.074706721,-0.244521374,0.041943133,0.020033487
,20,0.01,,0.253166313,0.354537222,0.49135743,0.248153119,0.347516683,0.48162758,86.32703454,84.61758832,0.370080928,0.370081227,0.370080893,0.667291467,0.862429392,0.486492505,0.319091889
,20,0.01,,0.018041039,0.030369725,0.012473883,0.01768379,0.029768345,0.012226875,81.39193357,79.78021211,0.370080176,0.370079774,0.370079336,-0.038599559,-0.112465099,0.012350379,0.00451348
,20,0.01,,0.016028307,0.004930534,0.001233043,0.015710915,0.0048329,0.001208627,81.39193357,79.78021211,0.370080039,0.370079639,0.370080005,0.005277799,0.015813971,0.001220835,0.002343923
,20,0.01,,0.930785301,0.660199426,0.455931389,0.912353909,0.64712617,0.446903044,84.6496182,82.97338814,0.37008137,0.370081035,0.370080662,0.309739235,0.244154854,0.451417217,0.302925572
,20,0.01,,0.082608469,0.042362564,0.020233822,0.080972657,0.041523702,0.019833152,79.81041093,78.23000675,0.37007991,0.37007947,0.370078993,0.0163424,0.029935718,0.020033487,0.0088405
,20,0.01,,0.092234321,0.051054086,0.077994049,0.090407899,0.050043114,0.076449613,81.39193357,79.78021211,0.370079604,0.370080012,0.37007957,0.178219036,0.332422533,0.077221831,0.04146869
,20,0.01,,0.030369725,0.012473883,0.004558614,0.029768345,0.012226875,0.004468345,79.81041093,78.23000675,0.370079774,0.370079336,0.37007974,0.006900965,0.018298194,0.00451348,0.008033732
,20,0.01,,0.004930534,0.001233043,0.002367362,0.0048329,0.001208627,0.002320484,83.00479565,81.36113633,0.370079639,0.370080005,0.370079605,0.008627746,0.018720745,0.002343923,0.000462998
,20,0.01,,0.042362564,0.020233822,0.008928905,0.041523702,0.019833152,0.008752095,78.25961878,76.70992336,0.37007947,0.370078993,0.370079436,0.008631911,0.018534187,0.0088405,0.014814409
,20,0.01,,0.660199426,0.455931389,0.305954828,0.64712617,0.446903044,0.299896316,83.00479565,81.36113633,0.370081035,0.370080662,0.370080253,0.204786774,0.167298048,0.302925572,0.197107575
,20,0.01,,0.001233043,0.002367362,0.000467627,0.001208627,0.002320484,0.000458368,81.39193357,79.78021211,0.370080005,0.370079605,0.370079971,-0.004737098,-0.012195005,0.000462998,0.000906291
,20,0.01,,0.354537222,0.49135743,0.322282807,0.347516683,0.48162758,0.31590097,84.6496182,82.97338814,0.370081227,0.370080893,0.370081191,-0.184385849,-0.921918242,0.319091889,0.446196093
,20,0.01,,0.051054086,0.077994049,0.041883377,0.050043114,0.076449613,0.041054003,79.81041093,78.23000675,0.370080012,0.37007957,0.370079978,-0.063614812,-0.216692417,0.04146869,0.064263993
,20,0.01,,0.012473883,0.004558614,0.008114069,0.012226875,0.004468345,0.007953394,81.39193357,79.78021211,0.370079336,0.37007974,0.370080108,0.024004733,0.049023595,0.008033732,0.014210292
,20,0.01,,0.002367362,0.000467627,0.000915354,0.002320484,0.000458368,0.000897228,83.00479565,81.36113633,0.370079605,0.370079971,0.370079572,0.003808237,0.008530468,0.000906291,0.000127714
,20,0.01,,0.020233822,0.008928905,0.014962553,0.019833152,0.008752095,0.014666264,79.81041093,78.23000675,0.370078993,0.370079436,0.370079842,0.039648427,0.078119282,0.014814409,0.024620468
,20,0.01,,0.004558614,0.008114069,0.014352395,0.004468345,0.007953394,0.01406819,83.00479565,81.36113633,0.37007974,0.370080108,0.370080438,0.023574599,0.034477935,0.014210292,0.024956634
,20,0.01,,0.49135743,0.322282807,0.450658054,0.48162758,0.31590097,0.441734132,86.32703454,84.61758832,0.370080893,0.370081191,0.370080858,0.898575169,1.582094031,0.446196093,0.28805035
